Microsatellite genotyping of Lysiphelbus fabarum. ;;;;;;;;;;;;;;;;;;;;
Lines correspond to individual lineages of wasps. Pairs of columns are pairs of alleles for regions presenting sequence repeats (identified by Sandrock et al. 2007). Numbers indicate the length of each allele (in base pairs);;;;;;;;;;;;;;;;;;;;
;;;;;;;;;;;;;;;;;;;;
;L_01;L_01b;L_03;L_03b;L_05;L_05b;L_06;L_06b;L_07;L_07b;L_08;L_08b;L_13;L_13b;L_15;L_15b;L_16;L_16b;L5a12;L5a12b
F316;79;79;165;169;112;112;199;203;183;183;92;96;119;123;111;111;125;125;174;174
G339;79;79;167;167;110;112;197;201;183;183;94;105;121;121;101;101;125;125;176;176
G363;79;79;167;167;110;110;197;201;183;183;92;94;121;125;103;103;117;117;176;176
G392;73;79;167;167;112;112;197;197;183;183;94;99;121;121;101;101;129;129;174;174
S251;79;79;165;165;112;112;195;203;183;183;99;105;121;121;107;107;135;135;176;176
S350;79;79;167;169;110;122;201;203;183;183;92;94;115;121;109;109;120;120;176;176
YP20-032;79;79;167;169;110;122;201;203;183;183;92;94;115;121;109;109;120;120;176;176
YP20-037;81;81;169;169;112;114;197;201;183;183;94;94;121;121;101;101;109;109;174;174
YP20-038;79;79;169;173;110;110;195;197;181;181;94;94;115;121;103;103;129;129;176;176
YP20-050;79;81;169;169;114;126;197;201;183;183;94;96;119;121;101;101;109;109;174;174
YP20-060;79;81;169;169;114;126;197;201;183;183;94;104;119;121;105;105;109;109;174;174
YP20-068;79;81;165;169;110;112;203;203;183;183;94;94;121;123;103;103;109;109;174;174
YP20-070;79;79;165;165;112;112;195;203;183;183;99;105;121;121;107;107;135;135;176;176
YP20-081;79;79;165;165;112;112;195;203;183;183;99;105;121;121;107;107;135;135;176;176
YP20-084;79;81;161;171;112;114;195;197;185;185;94;94;115;121;101;101;131;131;180;180
YP20-001;79;79;167;169;110;112;195;197;181;181;90;92;123;125;107;107;117;117;180;180
YP20-002;79;79;167;169;110;112;195;197;181;181;90;92;123;125;107;107;117;117;180;180
YP20-003;79;79;165;165;112;112;195;203;183;183;96;103;121;121;107;107;135;135;176;176
YP20-004;79;81;161;171;112;114;195;197;185;185;92;92;115;121;101;101;131;131;180;180
YP20-006;79;81;169;169;114;126;197;201;183;183;92;94;119;121;105;105;109;109;174;174
YP20-009;81;81;169;169;112;114;197;201;183;183;92;92;121;121;101;101;109;109;174;174
YP20-013;79;81;169;169;114;126;197;201;183;183;92;94;119;121;105;105;109;109;174;174
YP20-021;79;79;165;165;112;112;195;203;183;183;96;103;121;121;107;107;135;135;176;176
YP20-027;79;81;161;171;112;114;195;197;185;185;92;92;115;121;101;101;131;131;180;180
YP20-033;79;79;165;169;112;112;195;203;183;183;96;103;121;121;107;107;117;117;176;176
YP20-035;79;81;169;169;114;126;197;201;183;183;92;94;119;121;105;105;109;109;174;174
YP20-044;79;79;165;165;112;112;195;203;183;183;96;103;121;121;107;107;135;135;176;176
YP20-048;79;79;165;169;112;112;195;203;183;183;96;103;121;121;107;107;117;117;176;176
YP20-055;79;79;165;165;112;112;195;203;183;183;96;103;121;121;107;107;135;135;176;176
YP20-058;79;81;161;171;112;114;195;197;185;185;92;92;115;121;101;101;131;131;180;180
YP20-063;79;79;165;169;112;112;195;203;183;183;96;103;121;121;107;107;117;117;176;176
YP20-071;79;79;165;169;112;112;195;203;183;183;96;103;115;121;101;107;117;131;176;180
YP20-072;79;79;165;165;112;112;195;203;183;183;96;103;121;121;107;107;135;135;176;176
YP20-075;79;81;161;171;112;114;195;197;185;185;92;92;115;121;101;101;131;131;180;180
YP20-079;81;81;169;169;112;114;197;201;183;183;92;92;121;121;101;101;109;109;174;174
YP20-080;79;79;165;165;112;112;195;203;183;183;96;103;121;121;107;107;135;135;176;176
